048-2025-UDT-OGA-MVES,/home/olaf/Descargas/resultadofinal/RESULTADO FINAL DEL MEMORANDO DE REQUERIMIENTO N°048-2025-UDT-OGA-MVES.pdf
049-2025-UDT-OGA-MVES,/home/olaf/Descargas/resultadofinal/RESULTADO FINAL DEL MEMORANDO DE REQUERIMIENTO N°049-2025-UDT-OGA-MVES.pdf
050-2025-UDT-OGA-MVES,/home/olaf/Descargas/resultadofinal/RESULTADO FINAL DEL MEMORANDO DE REQUERIMIENTO N°050-2025-UDT-OGA-MVES.pdf
051-2025-UDT-OGA-MVES,/home/olaf/Descargas/resultadofinal/RESULTADO FINAL DEL MEMORANDO DE REQUERIMIENTO N°051-2025-UDT-OGA-MVES.pdf
052-2025-UDT-OGA-MVES,/home/olaf/Descargas/resultadofinal/RESULTADO FINAL DEL MEMORANDO DE REQUERIMIENTO N°052-2025-UDT-OGA-MVES.pdf
053-2025-UDT-OGA-MVES,/home/olaf/Descargas/resultadofinal/RESULTADO FINAL DEL MEMORANDO DE REQUERIMIENTO N°053-2025-UDT-OGA-MVES.pdf
054-2025-UDT-OGA-MVES,/home/olaf/Descargas/resultadofinal/RESULTADO FINAL DEL MEMORANDO DE REQUERIMIENTO N°054-2025-UDT-OGA-MVES.pdf
055-2025-UDT-OGA-MVES,/home/olaf/Descargas/resultadofinal/RESULTADO FINAL DEL MEMORANDO DE REQUERIMIENTO N°055-2025-UDT-OGA-MVES.pdf
056-2025-UDT-OGA-MVES,/home/olaf/Descargas/resultadofinal/RESULTADO FINAL DEL MEMORANDO DE REQUERIMIENTO N°056-2025-UDT-OGA-MVES.pdf
057-2025-UDT-OGA-MVES,/home/olaf/Descargas/resultadofinal/RESULTADO FINAL DEL MEMORANDO DE REQUERIMIENTO N°057-2025-UDT-OGA-MVES.pdf
058-2025-UDT-OGA-MVES,/home/olaf/Descargas/resultadofinal/RESULTADO FINAL DEL MEMORANDO DE REQUERIMIENTO N°058-2025-UDT-OGA-MVES.pdf