Memorando del Requerimiento N° 1473-2025-SGLP-GSCGA-MVES.pdf,/home/olaf/Descargas/CONVOCATORIA06D/Convoctoria del Memorando de Requerimiento N° 1473-2025-SGLP-GSCGA-MVES.pdf,24,6,2025,08,00
Memorando del Requerimiento N° 1474-2025-SGLP-GSCGA-MVES.pdf,/home/olaf/Descargas/CONVOCATORIA06D/Convoctoria del Memorando de Requerimiento N° 1474-2025-SGLP-GSCGA-MVES.pdf,24,6,2025,08,00
Memorando del Requerimiento N° 1475-2025-SGLP-GSCGA-MVES.pdf,/home/olaf/Descargas/CONVOCATORIA06D/Convoctoria del Memorando de Requerimiento N° 1475-2025-SGLP-GSCGA-MVES.pdf,24,6,2025,08,00
Memorando del Requerimiento N° 1476-2025-SGLP-GSCGA-MVES.pdf,/home/olaf/Descargas/CONVOCATORIA06D/Convoctoria del Memorando de Requerimiento N° 1476-2025-SGLP-GSCGA-MVES.pdf,24,6,2025,08,00
Memorando del Requerimiento N° 1477-2025-SGLP-GSCGA-MVES.pdf,/home/olaf/Descargas/CONVOCATORIA06D/Convoctoria del Memorando de Requerimiento N° 1477-2025-SGLP-GSCGA-MVES.pdf,24,6,2025,08,00
Memorando del Requerimiento N° 1478-2025-SGLP-GSCGA-MVES.pdf,/home/olaf/Descargas/CONVOCATORIA06D/Convoctoria del Memorando de Requerimiento N° 1478-2025-SGLP-GSCGA-MVES.pdf,24,6,2025,08,00
Memorando del Requerimiento N° 1479-2025-SGLP-GSCGA-MVES.pdf,/home/olaf/Descargas/CONVOCATORIA06D/Convoctoria del Memorando de Requerimiento N° 1479-2025-SGLP-GSCGA-MVES.pdf,24,6,2025,08,00
Memorando del Requerimiento N° 1480-2025-SGLP-GSCGA-MVES.pdf,/home/olaf/Descargas/CONVOCATORIA06D/Convoctoria del Memorando de Requerimiento N° 1480-2025-SGLP-GSCGA-MVES.pdf,24,6,2025,08,00
Memorando del Requerimiento N° 1481-2025-SGLP-GSCGA-MVES.pdf,/home/olaf/Descargas/CONVOCATORIA06D/Convoctoria del Memorando de Requerimiento N° 1481-2025-SGLP-GSCGA-MVES.pdf,24,6,2025,08,00
Memorando del Requerimiento N° 1482-2025-SGLP-GSCGA-MVES.pdf,/home/olaf/Descargas/CONVOCATORIA06D/Convoctoria del Memorando de Requerimiento N° 1482-2025-SGLP-GSCGA-MVES.pdf,24,6,2025,08,00
Memorando del Requerimiento N° 1483-2025-SGLP-GSCGA-MVES.pdf,/home/olaf/Descargas/CONVOCATORIA06D/Convoctoria del Memorando de Requerimiento N° 1483-2025-SGLP-GSCGA-MVES.pdf,24,6,2025,08,00
Memorando del Requerimiento N° 1484-2025-SGLP-GSCGA-MVES.pdf,/home/olaf/Descargas/CONVOCATORIA06D/Convoctoria del Memorando de Requerimiento N° 1484-2025-SGLP-GSCGA-MVES.pdf,24,6,2025,08,00
Memorando del Requerimiento N° 1485-2025-SGLP-GSCGA-MVES.pdf,/home/olaf/Descargas/CONVOCATORIA06D/Convoctoria del Memorando de Requerimiento N° 1485-2025-SGLP-GSCGA-MVES.pdf,24,6,2025,08,00
Memorando del Requerimiento N° 1486-2025-SGLP-GSCGA-MVES.pdf,/home/olaf/Descargas/CONVOCATORIA06D/Convoctoria del Memorando de Requerimiento N° 1486-2025-SGLP-GSCGA-MVES.pdf,24,6,2025,08,00
Memorando del Requerimiento N° 1487-2025-SGLP-GSCGA-MVES.pdf,/home/olaf/Descargas/CONVOCATORIA06D/Convoctoria del Memorando de Requerimiento N° 1487-2025-SGLP-GSCGA-MVES.pdf,24,6,2025,08,00
Memorando del Requerimiento N° 1488-2025-SGLP-GSCGA-MVES.pdf,/home/olaf/Descargas/CONVOCATORIA06D/Convoctoria del Memorando de Requerimiento N° 1488-2025-SGLP-GSCGA-MVES.pdf,24,6,2025,08,00
Memorando del Requerimiento N° 1489-2025-SGLP-GSCGA-MVES.pdf,/home/olaf/Descargas/CONVOCATORIA06D/Convoctoria del Memorando de Requerimiento N° 1489-2025-SGLP-GSCGA-MVES.pdf,24,6,2025,08,00
Memorando del Requerimiento N° 1490-2025-SGLP-GSCGA-MVES.pdf,/home/olaf/Descargas/CONVOCATORIA06D/Convoctoria del Memorando de Requerimiento N° 1490-2025-SGLP-GSCGA-MVES.pdf,24,6,2025,08,00
Memorando del Requerimiento N° 1491-2025-SGLP-GSCGA-MVES.pdf,/home/olaf/Descargas/CONVOCATORIA06D/Convoctoria del Memorando de Requerimiento N° 1491-2025-SGLP-GSCGA-MVES.pdf,24,6,2025,08,00
Memorando del Requerimiento N° 1492-2025-SGLP-GSCGA-MVES.pdf,/home/olaf/Descargas/CONVOCATORIA06D/Convoctoria del Memorando de Requerimiento N° 1492-2025-SGLP-GSCGA-MVES.pdf,24,6,2025,08,00
Memorando del Requerimiento N° 1493-2025-SGLP-GSCGA-MVES.pdf,/home/olaf/Descargas/CONVOCATORIA06D/Convoctoria del Memorando de Requerimiento N° 1493-2025-SGLP-GSCGA-MVES.pdf,24,6,2025,08,00
Memorando del Requerimiento N° 1494-2025-SGLP-GSCGA-MVES.pdf,/home/olaf/Descargas/CONVOCATORIA06D/Convoctoria del Memorando de Requerimiento N° 1494-2025-SGLP-GSCGA-MVES.pdf,24,6,2025,08,00
Memorando del Requerimiento N° 1495-2025-SGLP-GSCGA-MVES.pdf,/home/olaf/Descargas/CONVOCATORIA06D/Convoctoria del Memorando de Requerimiento N° 1495-2025-SGLP-GSCGA-MVES.pdf,24,6,2025,08,00
Memorando del Requerimiento N° 1496-2025-SGLP-GSCGA-MVES.pdf,/home/olaf/Descargas/CONVOCATORIA06D/Convoctoria del Memorando de Requerimiento N° 1496-2025-SGLP-GSCGA-MVES.pdf,24,6,2025,08,00
Memorando del Requerimiento N° 1497-2025-SGLP-GSCGA-MVES.pdf,/home/olaf/Descargas/CONVOCATORIA06D/Convoctoria del Memorando de Requerimiento N° 1497-2025-SGLP-GSCGA-MVES.pdf,24,6,2025,08,00
Memorando del Requerimiento N° 1498-2025-SGLP-GSCGA-MVES.pdf,/home/olaf/Descargas/CONVOCATORIA06D/Convoctoria del Memorando de Requerimiento N° 1498-2025-SGLP-GSCGA-MVES.pdf,24,6,2025,08,00
Memorando del Requerimiento N° 1499-2025-SGLP-GSCGA-MVES.pdf,/home/olaf/Descargas/CONVOCATORIA06D/Convoctoria del Memorando de Requerimiento N° 1499-2025-SGLP-GSCGA-MVES.pdf,24,6,2025,08,00
Memorando del Requerimiento N° 1500-2025-SGLP-GSCGA-MVES.pdf,/home/olaf/Descargas/CONVOCATORIA06D/Convoctoria del Memorando de Requerimiento N° 1500-2025-SGLP-GSCGA-MVES.pdf,24,6,2025,08,00
Memorando del Requerimiento N° 1501-2025-SGLP-GSCGA-MVES.pdf,/home/olaf/Descargas/CONVOCATORIA06D/Convoctoria del Memorando de Requerimiento N° 1501-2025-SGLP-GSCGA-MVES.pdf,24,6,2025,08,00
Memorando del Requerimiento N° 1502-2025-SGLP-GSCGA-MVES.pdf,/home/olaf/Descargas/CONVOCATORIA06D/Convoctoria del Memorando de Requerimiento N° 1502-2025-SGLP-GSCGA-MVES.pdf,24,6,2025,08,00
Memorando del Requerimiento N° 1503-2025-SGLP-GSCGA-MVES.pdf,/home/olaf/Descargas/CONVOCATORIA06D/Convoctoria del Memorando de Requerimiento N° 1503-2025-SGLP-GSCGA-MVES.pdf,24,6,2025,08,00
Memorando del Requerimiento N° 1504-2025-SGLP-GSCGA-MVES.pdf,/home/olaf/Descargas/CONVOCATORIA06D/Convoctoria del Memorando de Requerimiento N° 1504-2025-SGLP-GSCGA-MVES.pdf,24,6,2025,08,00
Memorando del Requerimiento N° 1505-2025-SGLP-GSCGA-MVES.pdf,/home/olaf/Descargas/CONVOCATORIA06D/Convoctoria del Memorando de Requerimiento N° 1505-2025-SGLP-GSCGA-MVES.pdf,24,6,2025,08,00
Memorando del Requerimiento N° 1506-2025-SGLP-GSCGA-MVES.pdf,/home/olaf/Descargas/CONVOCATORIA06D/Convoctoria del Memorando de Requerimiento N° 1506-2025-SGLP-GSCGA-MVES.pdf,24,6,2025,08,00
Memorando del Requerimiento N° 1507-2025-SGLP-GSCGA-MVES.pdf,/home/olaf/Descargas/CONVOCATORIA06D/Convoctoria del Memorando de Requerimiento N° 1507-2025-SGLP-GSCGA-MVES.pdf,24,6,2025,08,00
Memorando del Requerimiento N° 1508-2025-SGLP-GSCGA-MVES.pdf,/home/olaf/Descargas/CONVOCATORIA06D/Convoctoria del Memorando de Requerimiento N° 1508-2025-SGLP-GSCGA-MVES.pdf,24,6,2025,08,00
Memorando del Requerimiento N° 1509-2025-SGLP-GSCGA-MVES.pdf,/home/olaf/Descargas/CONVOCATORIA06D/Convoctoria del Memorando de Requerimiento N° 1509-2025-SGLP-GSCGA-MVES.pdf,24,6,2025,08,00
Memorando del Requerimiento N° 1510-2025-SGLP-GSCGA-MVES.pdf,/home/olaf/Descargas/CONVOCATORIA06D/Convoctoria del Memorando de Requerimiento N° 1510-2025-SGLP-GSCGA-MVES.pdf,24,6,2025,08,00
Memorando del Requerimiento N° 1511-2025-SGLP-GSCGA-MVES.pdf,/home/olaf/Descargas/CONVOCATORIA06D/Convoctoria del Memorando de Requerimiento N° 1511-2025-SGLP-GSCGA-MVES.pdf,24,6,2025,08,00
Memorando del Requerimiento N° 1512-2025-SGLP-GSCGA-MVES.pdf,/home/olaf/Descargas/CONVOCATORIA06D/Convoctoria del Memorando de Requerimiento N° 1512-2025-SGLP-GSCGA-MVES.pdf,24,6,2025,08,00
Memorando del Requerimiento N° 1513-2025-SGLP-GSCGA-MVES.pdf,/home/olaf/Descargas/CONVOCATORIA06D/Convoctoria del Memorando de Requerimiento N° 1513-2025-SGLP-GSCGA-MVES.pdf,24,6,2025,08,00
Memorando del Requerimiento N° 1514-2025-SGLP-GSCGA-MVES.pdf,/home/olaf/Descargas/CONVOCATORIA06D/Convoctoria del Memorando de Requerimiento N° 1514-2025-SGLP-GSCGA-MVES.pdf,24,6,2025,08,00
Memorando del Requerimiento N° 1515-2025-SGLP-GSCGA-MVES.pdf,/home/olaf/Descargas/CONVOCATORIA06D/Convoctoria del Memorando de Requerimiento N° 1515-2025-SGLP-GSCGA-MVES.pdf,24,6,2025,08,00
Memorando del Requerimiento N° 1516-2025-SGLP-GSCGA-MVES.pdf,/home/olaf/Descargas/CONVOCATORIA06D/Convoctoria del Memorando de Requerimiento N° 1516-2025-SGLP-GSCGA-MVES.pdf,24,6,2025,08,00
Memorando del Requerimiento N° 1517-2025-SGLP-GSCGA-MVES.pdf,/home/olaf/Descargas/CONVOCATORIA06D/Convoctoria del Memorando de Requerimiento N° 1517-2025-SGLP-GSCGA-MVES.pdf,24,6,2025,08,00
Memorando del Requerimiento N° 1518-2025-SGLP-GSCGA-MVES.pdf,/home/olaf/Descargas/CONVOCATORIA06D/Convoctoria del Memorando de Requerimiento N° 1518-2025-SGLP-GSCGA-MVES.pdf,24,6,2025,08,00
Memorando del Requerimiento N° 1519-2025-SGLP-GSCGA-MVES.pdf,/home/olaf/Descargas/CONVOCATORIA06D/Convoctoria del Memorando de Requerimiento N° 1519-2025-SGLP-GSCGA-MVES.pdf,24,6,2025,08,00
Memorando del Requerimiento N° 1520-2025-SGLP-GSCGA-MVES.pdf,/home/olaf/Descargas/CONVOCATORIA06D/Convoctoria del Memorando de Requerimiento N° 1520-2025-SGLP-GSCGA-MVES.pdf,24,6,2025,08,00
Memorando del Requerimiento N° 1521-2025-SGLP-GSCGA-MVES.pdf,/home/olaf/Descargas/CONVOCATORIA06D/Convoctoria del Memorando de Requerimiento N° 1521-2025-SGLP-GSCGA-MVES.pdf,24,6,2025,08,00
Memorando del Requerimiento N° 1522-2025-SGLP-GSCGA-MVES.pdf,/home/olaf/Descargas/CONVOCATORIA06D/Convoctoria del Memorando de Requerimiento N° 1522-2025-SGLP-GSCGA-MVES.pdf,24,6,2025,08,00
Memorando del Requerimiento N° 1525-2025-SGLP-GSCGA-MVES.pdf,/home/olaf/Descargas/CONVOCATORIA06D/Convoctoria del Memorando de Requerimiento N° 1525-2025-SGLP-GSCGA-MVES.pdf,24,6,2025,08,00
Memorando del Requerimiento N° 1526-2025-SGLP-GSCGA-MVES.pdf,/home/olaf/Descargas/CONVOCATORIA06D/Convoctoria del Memorando de Requerimiento N° 1526-2025-SGLP-GSCGA-MVES.pdf,24,6,2025,08,00
Memorando del Requerimiento N° 1527-2025-SGLP-GSCGA-MVES.pdf,/home/olaf/Descargas/CONVOCATORIA06D/Convoctoria del Memorando de Requerimiento N° 1527-2025-SGLP-GSCGA-MVES.pdf,24,6,2025,08,00
Memorando del Requerimiento N° 1528-2025-SGLP-GSCGA-MVES.pdf,/home/olaf/Descargas/CONVOCATORIA06D/Convoctoria del Memorando de Requerimiento N° 1528-2025-SGLP-GSCGA-MVES.pdf,24,6,2025,08,00
Memorando del Requerimiento N° 1529-2025-SGLP-GSCGA-MVES.pdf,/home/olaf/Descargas/CONVOCATORIA06D/Convoctoria del Memorando de Requerimiento N° 1529-2025-SGLP-GSCGA-MVES.pdf,24,6,2025,08,00
Memorando del Requerimiento N° 1530-2025-SGLP-GSCGA-MVES.pdf,/home/olaf/Descargas/CONVOCATORIA06D/Convoctoria del Memorando de Requerimiento N° 1530-2025-SGLP-GSCGA-MVES.pdf,24,6,2025,08,00
Memorando del Requerimiento N° 1531-2025-SGLP-GSCGA-MVES.pdf,/home/olaf/Descargas/CONVOCATORIA06D/Convoctoria del Memorando de Requerimiento N° 1531-2025-SGLP-GSCGA-MVES.pdf,24,6,2025,08,00
Memorando del Requerimiento N° 1532-2025-SGLP-GSCGA-MVES.pdf,/home/olaf/Descargas/CONVOCATORIA06D/Convoctoria del Memorando de Requerimiento N° 1532-2025-SGLP-GSCGA-MVES.pdf,24,6,2025,08,00
Memorando del Requerimiento N° 1533-2025-SGLP-GSCGA-MVES.pdf,/home/olaf/Descargas/CONVOCATORIA06D/Convoctoria del Memorando de Requerimiento N° 1533-2025-SGLP-GSCGA-MVES.pdf,24,6,2025,08,00
Memorando del Requerimiento N° 1534-2025-SGLP-GSCGA-MVES.pdf,/home/olaf/Descargas/CONVOCATORIA06D/Convoctoria del Memorando de Requerimiento N° 1534-2025-SGLP-GSCGA-MVES.pdf,24,6,2025,08,00
Memorando del Requerimiento N° 1535-2025-SGLP-GSCGA-MVES.pdf,/home/olaf/Descargas/CONVOCATORIA06D/Convoctoria del Memorando de Requerimiento N° 1535-2025-SGLP-GSCGA-MVES.pdf,24,6,2025,08,00
Memorando del Requerimiento N° 1536-2025-SGLP-GSCGA-MVES.pdf,/home/olaf/Descargas/CONVOCATORIA06D/Convoctoria del Memorando de Requerimiento N° 1536-2025-SGLP-GSCGA-MVES.pdf,24,6,2025,08,00
Memorando del Requerimiento N° 1537-2025-SGLP-GSCGA-MVES.pdf,/home/olaf/Descargas/CONVOCATORIA06D/Convoctoria del Memorando de Requerimiento N° 1537-2025-SGLP-GSCGA-MVES.pdf,24,6,2025,08,00
Memorando del Requerimiento N° 1538-2025-SGLP-GSCGA-MVES.pdf,/home/olaf/Descargas/CONVOCATORIA06D/Convoctoria del Memorando de Requerimiento N° 1538-2025-SGLP-GSCGA-MVES.pdf,24,6,2025,08,00
Memorando del Requerimiento N° 1539-2025-SGLP-GSCGA-MVES.pdf,/home/olaf/Descargas/CONVOCATORIA06D/Convoctoria del Memorando de Requerimiento N° 1539-2025-SGLP-GSCGA-MVES.pdf,24,6,2025,08,00
Memorando del Requerimiento N° 1540-2025-SGLP-GSCGA-MVES.pdf,/home/olaf/Descargas/CONVOCATORIA06D/Convoctoria del Memorando de Requerimiento N° 1540-2025-SGLP-GSCGA-MVES.pdf,24,6,2025,08,00
Memorando del Requerimiento N° 1541-2025-SGLP-GSCGA-MVES.pdf,/home/olaf/Descargas/CONVOCATORIA06D/Convoctoria del Memorando de Requerimiento N° 1541-2025-SGLP-GSCGA-MVES.pdf,24,6,2025,08,00
Memorando del Requerimiento N° 1542-2025-SGLP-GSCGA-MVES.pdf,/home/olaf/Descargas/CONVOCATORIA06D/Convoctoria del Memorando de Requerimiento N° 1542-2025-SGLP-GSCGA-MVES.pdf,24,6,2025,08,00
Memorando del Requerimiento N° 1543-2025-SGLP-GSCGA-MVES.pdf,/home/olaf/Descargas/CONVOCATORIA06D/Convoctoria del Memorando de Requerimiento N° 1543-2025-SGLP-GSCGA-MVES.pdf,24,6,2025,08,00
Memorando del Requerimiento N° 1544-2025-SGLP-GSCGA-MVES.pdf,/home/olaf/Descargas/CONVOCATORIA06D/Convoctoria del Memorando de Requerimiento N° 1544-2025-SGLP-GSCGA-MVES.pdf,24,6,2025,08,00
Memorando del Requerimiento N° 1545-2025-SGLP-GSCGA-MVES.pdf,/home/olaf/Descargas/CONVOCATORIA06D/Convoctoria del Memorando de Requerimiento N° 1545-2025-SGLP-GSCGA-MVES.pdf,24,6,2025,08,00
Memorando del Requerimiento N° 1471-2025-SGLP-GSCGA-MVES.pdf,/home/olaf/Descargas/CONVOCATORIA06D/Convoctoria del Memorando de Requerimiento N°1471-2025-SGLP-GSCGA-MVES.pdf,24,6,2025,08,00